Telefonica Czech Republic AS,06LR.L,LSE,United Kingdom
Standard Chartered PLC,37ZM.L,LSE,United Kingdom
Globaltrans Investment PLC,38KH.L,LSE,United Kingdom
Grupo Clarin SA,42KU.L,LSE,United Kingdom
Volkswagen AG,50IT.L,LSE,United Kingdom
AFI Development PLC,53GI.L,LSE,United Kingdom
OJSC LSR Group,54UD.L,LSE,United Kingdom
Eastpharma Ltd,63PE.L,LSE,United Kingdom
Eurasia Drilling Company Ltd,71FH.L,LSE,United Kingdom
MHP SA,71HT.L,LSE,United Kingdom
888 Holdings PLC,888.L,LSE,United Kingdom
X5 Retail Group NV,89VS.L,LSE,United Kingdom
Anglo American PLC,AAL.L,LSE,United Kingdom
Associated British Foods PLC,ABF.L,LSE,United Kingdom
African Barrick Gold PLC,ABG.L,LSE,United Kingdom
Ablon Group Ltd,ABL.L,LSE,United Kingdom
Acal PLC,ACL.L,LSE,United Kingdom
Admiral Group PLC,ADM.L,LSE,United Kingdom
Aberdeen Asset Management PLC,ADN.L,LSE,United Kingdom
Anglo-Eastern Plantations PLC,AEP.L,LSE,United Kingdom
Aer Lingus Group PLC,AERL.L,LSE,United Kingdom
Aminex PLC,AEX.L,LSE,United Kingdom
Afren PLC,AFR.L,LSE,United Kingdom
AFI Development PLC,AFRB.L,LSE,United Kingdom
AGA Rangemaster Group PLC,AGA.L,LSE,United Kingdom
Aggreko PLC,AGK.L,LSE,United Kingdom
Ashmore Global Opps,AGOL.L,LSE,United Kingdom
Ashmore Global Opps,AGOU.L,LSE,United Kingdom
Assura Group Ltd,AGR.L,LSE,United Kingdom
Aegis Group PLC,AGS.L,LSE,United Kingdom
LG Chem Ltd.,AH20.L,LSE,United Kingdom
Ashtead Group PLC,AHT.L,LSE,United Kingdom
Anite PLC,AIE.L,LSE,United Kingdom
Air Partner PLC,AIP.L,LSE,United Kingdom
Ark Therapeutics Group PLC,AKT.L,LSE,United Kingdom
Alumasc Group PLC,ALU.L,LSE,United Kingdom
Ashley (Laura) Holdings PLC,ALY.L,LSE,United Kingdom
AMEC PLC,AMEC.L,LSE,United Kingdom
Amlin PLC,AML.L,LSE,United Kingdom
Antofagasta PLC,ANTO.L,LSE,United Kingdom
Anglo Pacific Group PLC,APF.L,LSE,United Kingdom
Aquarius Platinum Ltd,AQP.L,LSE,United Kingdom
ARM Holdings PLC,ARM.L,LSE,United Kingdom
Assoc British Engineering,ASBE.L,LSE,United Kingdom
Ashmore Group PLC,ASHM.L,LSE,United Kingdom
Atia Group Ltd,ATIA.L,LSE,United Kingdom
Atkins (W S) PLC,ATK.L,LSE,United Kingdom
Alliance Trust PLC,ATST.L,LSE,United Kingdom
Aviva PLC,AV.L,LSE,United Kingdom
Avocet Mining PLC,AVM.L,LSE,United Kingdom
Avon Rubber PLC,AVON.L,LSE,United Kingdom
AVEVA Group PLC,AVV.L,LSE,United Kingdom
Axis Bank Ltd.,AXBA.L,LSE,United Kingdom
Axis Bank Ltd.,AXBC.L,LSE,United Kingdom
Accsys Technologies PLC,AXS.L,LSE,United Kingdom
Anglesey Mining PLC,AYM.L,LSE,United Kingdom
AstraZeneca PLC,AZN.L,LSE,United Kingdom
BAE Systems PLC,BA.L,LSE,United Kingdom
Babcock International Gr,BAB.L,LSE,United Kingdom
Beale PLC,BAE.L,LSE,United Kingdom
British & American IT,BAF.L,LSE,United Kingdom
Barr (A G) PLC,BAG.L,LSE,United Kingdom
Barclays PLC,BARC.L,LSE,United Kingdom
British American Tobacco PLC,BATS.L,LSE,United Kingdom
BBA Aviation PLC,BBA.L,LSE,United Kingdom
Balfour Beatty PLC,BBY.L,LSE,United Kingdom
Samsung Electronics Co Ltd,BC94.L,LSE,United Kingdom
Barratt Developments PLC,BDEV.L,LSE,United Kingdom
Beazley PLC,BEZ.L,LSE,United Kingdom
Basf SE,BFA.L,LSE,United Kingdom
BG Group PLC,BG.L,LSE,United Kingdom
BTG PLC,BGC.L,LSE,United Kingdom
Boot (Henry) PLC,BHY.L,LSE,United Kingdom
Bisichi Mining PLC,BISI.L,LSE,United Kingdom
Berkeley Group Holdings,BKG.L,LSE,United Kingdom
Bank of Ireland,BKIR.L,LSE,United Kingdom
British Land Co PLC,BLND.L,LSE,United Kingdom
BHP Billiton PLC,BLT.L,LSE,United Kingdom
Emblaze Ltd,BLZ.L,LSE,United Kingdom
Braemar Shipping Services PLC,BMS.L,LSE,United Kingdom
Bloomsbury Publishing PLC,BMY.L,LSE,United Kingdom
Banco Santander SA,BNC.L,LSE,United Kingdom
Bunzl PLC,BNZL.L,LSE,United Kingdom
Boeing Co,BOE.L,LSE,United Kingdom
Booker Group PLC,BOK.L,LSE,United Kingdom
Bodycote PLC,BOY.L,LSE,United Kingdom
BP PLC,BP.L,LSE,United Kingdom
British Polythene Indus,BPI.L,LSE,United Kingdom
Bioquell PLC,BQE.L,LSE,United Kingdom
Brammer PLC,BRAM.L,LSE,United Kingdom
Burberry Group PLC,BRBY.L,LSE,United Kingdom
Brightside Group PLC,BRT.L,LSE,United Kingdom
Brewin Dolphin Holdings PLC,BRW.L,LSE,United Kingdom
British Sky Broadcasting,BSY.L,LSE,United Kingdom
BT Group PLC,BT-A.L,LSE,United Kingdom
Banco Bilbao Vizcaya,BVA.L,LSE,United Kingdom
BATM Advanced Comms,BVC.L,LSE,United Kingdom
Britvic PLC,BVIC.L,LSE,United Kingdom
Bovis Homes Group PLC,BVS.L,LSE,United Kingdom
Brown (N) Group PLC,BWNG.L,LSE,United Kingdom
Bellway PLC,BWY.L,LSE,United Kingdom
Big Yellow Group PLC,BYG.L,LSE,United Kingdom
Bayer AG,BYR.L,LSE,United Kingdom
Cadogan Petroleum PLC,CAD.L,LSE,United Kingdom
Capital & Regional PLC,CAL.L,LSE,United Kingdom
Camellia PLC,CAM.L,LSE,United Kingdom
Capital & Counties Props,CAPC.L,LSE,United Kingdom
Capital Drilling Ltd,CAPD.L,LSE,United Kingdom
Carclo PLC,CAR.L,LSE,United Kingdom
Centaur Media PLC,CAU.L,LSE,United Kingdom
Charles Stanley Group PLC,CAY.L,LSE,United Kingdom
Close Brothers Group PLC,CBG.L,LSE,United Kingdom
Computacenter PLC,CCC.L,LSE,United Kingdom
Carnival PLC,CCL.L,LSE,United Kingdom
C&C,CCR.L,LSE,United Kingdom
Cash Converters Intl,CCVU.L,LSE,United Kingdom
Cardiff Property (The) PLC,CDFF.L,LSE,United Kingdom
Candover Investments PLC,CDI.L,LSE,United Kingdom
Canaccord Financial Inc,CF.L,LSE,United Kingdom
Caffyns PLC,CFYN.L,LSE,United Kingdom
Catlin Group Ltd,CGL.L,LSE,United Kingdom
Castings PLC,CGS.L,LSE,United Kingdom
Chemring Group PLC,CHG.L,LSE,United Kingdom
Chime Communications PLC,CHW.L,LSE,United Kingdom
City of London Group PLC,CIN.L,LSE,United Kingdom
Cineworld Group PLC,CINE.L,LSE,United Kingdom
Clarkson PLC,CKN.L,LSE,United Kingdom
Cookson Group PLC,CKSN.L,LSE,United Kingdom
Caledonia Investments PLC,CLDN.L,LSE,United Kingdom
CLS Holdings PLC,CLI.L,LSE,United Kingdom
City of London Investment,CLIG.L,LSE,United Kingdom
Carillion PLC,CLLN.L,LSE,United Kingdom
CML Microsystems PLC,CML.L,LSE,United Kingdom
Communisis PLC,CMS.L,LSE,United Kingdom
Centrica PLC,CNA.L,LSE,United Kingdom
Cairn Energy PLC,CNE.L,LSE,United Kingdom
Cobham PLC,COB.L,LSE,United Kingdom
Compagnie de Saint-Gobain,COD.L,LSE,United Kingdom
COLT Group SA,COLT.L,LSE,United Kingdom
Coms PLC,COMS.L,LSE,United Kingdom
Costain Group PLC,COST.L,LSE,United Kingdom
Compass Group PLC,CPG.L,LSE,United Kingdom
Capita PLC,CPI.L,LSE,United Kingdom
CPPGroup PLC,CPP.L,LSE,United Kingdom
Carpetright PLC,CPR.L,LSE,United Kingdom
Carphone Warehouse Group PLC,CPW.L,LSE,United Kingdom
Croda International PLC,CRDA.L,LSE,United Kingdom
Creston PLC,CRE.L,LSE,United Kingdom
Corin Group PLC,CRG.L,LSE,United Kingdom
CRH PLC,CRH.L,LSE,United Kingdom
Creightons PLC,CRL.L,LSE,United Kingdom
Carr's Milling Industries PLC,CRM.L,LSE,United Kingdom
Central Rand Gold Ltd,CRND.L,LSE,United Kingdom
Creon Resources PLC,CRO.L,LSE,United Kingdom
Capital Shopping Centres,CSCG.L,LSE,United Kingdom
Chesnara PLC,CSN.L,LSE,United Kingdom
CSR PLC,CSR.L,LSE,United Kingdom
Consort Medical PLC,CSRT.L,LSE,United Kingdom
Caterpillar Inc,CTA.L,LSE,United Kingdom
Cathay Intl Hldgs,CTI.L,LSE,United Kingdom
Clarke (T) PLC,CTO.L,LSE,United Kingdom
Charles Taylor PLC,CTR.L,LSE,United Kingdom
CEVA, Inc.,CVA.L,LSE,United Kingdom
Cable & Wireless Comms,CWC.L,LSE,United Kingdom
Cranswick PLC,CWK.L,LSE,United Kingdom
Commerzbank AG,CZB.L,LSE,United Kingdom
DCC PLC,DCC.L,LSE,United Kingdom
Dairy Crest Group PLC,DCG.L,LSE,United Kingdom
Debenhams PLC,DEB.L,LSE,United Kingdom
Diageo PLC,DGE.L,LSE,United Kingdom
Diageo PLC,DGED.L,LSE,United Kingdom
Dragon Oil PLC,DGO.L,LSE,United Kingdom
Dialight PLC,DIA.L,LSE,United Kingdom
Diamond Circle Capital PLC,DIAM.L,LSE,United Kingdom
Daejan Holdings PLC,DJAN.L,LSE,United Kingdom
De La Rue PLC,DLAR.L,LSE,United Kingdom
Derwent London PLC,DLN.L,LSE,United Kingdom
Daily Mail & Gen Trust,DMGO.L,LSE,United Kingdom
Daily Mail & Gen Trust,DMGT.L,LSE,United Kingdom
Dunelm Group PLC,DNLM.L,LSE,United Kingdom
Domino Printing Sciences PLC,DNO.L,LSE,United Kingdom
Domino's Pizza Group PLC,DOM.L,LSE,United Kingdom
Dechra Pharmaceuticals PLC,DPH.L,LSE,United Kingdom
Diploma PLC,DPLM.L,LSE,United Kingdom
DRS Data & Research Servs,DRS.L,LSE,United Kingdom
Drax Group PLC,DRX.L,LSE,United Kingdom
Development Securities PLC,DSC.L,LSE,United Kingdom
Devro PLC,DVO.L,LSE,United Kingdom
Dee Valley Group PLC,DVW.L,LSE,United Kingdom
Dee Valley Group PLC,DVWA.L,LSE,United Kingdom
e2v technologies PLC,E2V.L,LSE,United Kingdom
Electrocomponents PLC,ECM.L,LSE,United Kingdom
Electronic Data Processing PLC,EDP.L,LSE,United Kingdom
Elementis PLC,ELM.L,LSE,United Kingdom
Man Group PLC,EMG.L,LSE,United Kingdom
Endeavor International,ENDV.L,LSE,United Kingdom
EnQuest PLC,ENQ.L,LSE,United Kingdom
Eurasian Natural Res Corp,ENRC.L,LSE,United Kingdom
Euromoney Instl Investor,ERM.L,LSE,United Kingdom
Essar Energy PLC,ESSR.L,LSE,United Kingdom
Enterprise Inns PLC,ETI.L,LSE,United Kingdom
Entertainment One Ltd,ETO.L,LSE,United Kingdom
Exillon Energy PLC,EXI.L,LSE,United Kingdom
Experian PLC,EXPN.L,LSE,United Kingdom
easyJet PLC,EZJ.L,LSE,United Kingdom
Flying Brands Ltd,FBDU.L,LSE,United Kingdom
FBD Holdings PLC,FBH.L,LSE,United Kingdom
F&C,FCAM.L,LSE,United Kingdom
French Connection Group PLC,FCCN.L,LSE,United Kingdom
Findel PLC,FDL.L,LSE,United Kingdom
Fidessa Group PLC,FDSA.L,LSE,United Kingdom
Fenner PLC,FENR.L,LSE,United Kingdom
FirstGroup PLC,FGP.L,LSE,United Kingdom
Filtrona PLC,FLTR.L,LSE,United Kingdom
4imprint Group PLC,FOUR.L,LSE,United Kingdom
First Quantum Minerals Ltd,FQM.L,LSE,United Kingdom
Fresnillo PLC,FRES.L,LSE,United Kingdom
Frontline Ltd,FRO.L,LSE,United Kingdom
Fisher (James) & Sons PLC,FSJ.L,LSE,United Kingdom
Fuller Smith & Turner PLC,FSTA.L,LSE,United Kingdom
Filtronic PLC,FTC.L,LSE,United Kingdom
Fortune Oil PLC,FTO.L,LSE,United Kingdom
Future PLC,FUTR.L,LSE,United Kingdom
Fiberweb PLC,FWEB.L,LSE,United Kingdom
Ferrexpo PLC,FXPO.L,LSE,United Kingdom
Games Workshop Group PLC,GAW.L,LSE,United Kingdom
Goodwin PLC,GDWN.L,LSE,United Kingdom
General Electric Co,GEC.L,LSE,United Kingdom
Great Eastern Energy Corp,GEEC.L,LSE,United Kingdom
Gem Diamonds Ltd,GEMD.L,LSE,United Kingdom
Groupe Eurotunnel SA,GETS.L,LSE,United Kingdom
Galliford Try PLC,GFRD.L,LSE,United Kingdom
G4S PLC,GFS.L,LSE,United Kingdom
Grafton Group PLC,GFTU.L,LSE,United Kingdom
Gresham House PLC,GHE.L,LSE,United Kingdom
Gresham Computing PLC,GHT.L,LSE,United Kingdom
GKN PLC,GKN.L,LSE,United Kingdom
Glanbia PLC,GLB.L,LSE,United Kingdom
Gleeson (M J) Group PLC,GLE.L,LSE,United Kingdom
Greencore Group PLC,GNC.L,LSE,United Kingdom
Greene King PLC,GNK.L,LSE,United Kingdom
Genus PLC,GNS.L,LSE,United Kingdom
Go-Ahead Group (The) PLC,GOG.L,LSE,United Kingdom
Randgold Resources Ltd,GOLD.L,LSE,United Kingdom
Guinness Peat Group PLC,GPG.L,LSE,United Kingdom
Great Portland Estates PLC,GPOR.L,LSE,United Kingdom
Goldenport Holdings Inc,GPRT.L,LSE,United Kingdom
Greggs PLC,GRG.L,LSE,United Kingdom
Grainger PLC,GRI.L,LSE,United Kingdom
GlaxoSmithKline PLC,GSK.L,LSE,United Kingdom
Hampson Industries PLC,HAMP.L,LSE,United Kingdom
Hays PLC,HAS.L,LSE,United Kingdom
Highcroft Investments PLC,HCFT.L,LSE,United Kingdom
Hardy Oil & Gas PLC,HDY.L,LSE,United Kingdom
Headlam Group PLC,HEAD.L,LSE,United Kingdom
Halfords Group PLC,HFD.L,LSE,United Kingdom
Hilton Food Group PLC,HFG.L,LSE,United Kingdom
Henderson Group PLC,HGG.L,LSE,United Kingdom
Helphire Group PLC,HHR.L,LSE,United Kingdom
Hidong Estate PLC,HID.L,LSE,United Kingdom
Hikma Pharmaceuticals PLC,HIK.L,LSE,United Kingdom
Hill & Smith Holdings PLC,HILS.L,LSE,United Kingdom
Hargreaves Lansdown PLC,HL.L,LSE,United Kingdom
Helical Bar PLC,HLCL.L,LSE,United Kingdom
Halma PLC,HLMA.L,LSE,United Kingdom
Hammerson PLC,HMSO.L,LSE,United Kingdom
HMV Group PLC,HMV.L,LSE,United Kingdom
Huntsworth PLC,HNT.L,LSE,United Kingdom
Hochschild Mining PLC,HOC.L,LSE,United Kingdom
Heritage Oil PLC,HOIL.L,LSE,United Kingdom
Home Retail Group PLC,HOME.L,LSE,United Kingdom
Honeywell International, Inc.,HON.L,LSE,United Kingdom
Hogg Robinson Group PLC,HRG.L,LSE,United Kingdom
Harmony Gold Mining Co., Ltd.,HRM.L,LSE,United Kingdom
Hornby PLC,HRN.L,LSE,United Kingdom
H.R.Owen PLC,HRO.L,LSE,United Kingdom
HSBC Holdings PLC,HSBA.L,LSE,United Kingdom
Hansard Global PLC,HSD.L,LSE,United Kingdom
Hansteen Holdings PLC,HSTN.L,LSE,United Kingdom
Homeserve PLC,HSV.L,LSE,United Kingdom
Hiscox Ltd,HSX.L,LSE,United Kingdom
Hunting PLC,HTG.L,LSE,United Kingdom
Harvey Nash Group PLC,HVN.L,LSE,United Kingdom
Heavitree Brewery PLC,HVT.L,LSE,United Kingdom
Highway Capital PLC,HWC.L,LSE,United Kingdom
Hyder Consulting PLC,HYC.L,LSE,United Kingdom
Haynes Publishing Group PLC,HYNS.L,LSE,United Kingdom
APR Energy PLC,HZN.L,LSE,United Kingdom
ICAP PLC,IAP.L,LSE,United Kingdom
IBM,IBM.L,LSE,United Kingdom
Irish Continental Group PLC,ICGC.L,LSE,United Kingdom
Intermediate Capital Group PLC,ICP.L,LSE,United Kingdom
Invista European Real Est,IERE.L,LSE,United Kingdom
Invista European Real Est,IERP.L,LSE,United Kingdom
International Ferro Metals Ltd,IFL.L,LSE,United Kingdom
IFG Group PLC,IFP.L,LSE,United Kingdom
IG Group Holdings PLC,IGG.L,LSE,United Kingdom
InterContinental Hotels,IHG.L,LSE,United Kingdom
3i Group PLC,III.L,LSE,United Kingdom
Independent IT,IIT.L,LSE,United Kingdom
Inch Kenneth Kajang Rubber PLC,IKK.L,LSE,United Kingdom
Imagination Technologies,IMG.L,LSE,United Kingdom
IMI PLC,IMI.L,LSE,United Kingdom
Imperial Tobacco Group PLC,IMT.L,LSE,United Kingdom
Inchcape PLC,INCH.L,LSE,United Kingdom
Informa PLC,INF.L,LSE,United Kingdom
Independent News & Media PLC,INM.L,LSE,United Kingdom
Investec PLC,INVP.L,LSE,United Kingdom
Intl Personal Finance,IPF.L,LSE,United Kingdom
IP Group PLC,IPO.L,LSE,United Kingdom
IRF European Finance,IRF.L,LSE,United Kingdom
Interserve PLC,IRV.L,LSE,United Kingdom
Inmarsat PLC,ISAT.L,LSE,United Kingdom
Invensys PLC,ISYS.L,LSE,United Kingdom
ITE Group PLC,ITE.L,LSE,United Kingdom
Intertek Group PLC,ITRK.L,LSE,United Kingdom
ITV PLC,ITV.L,LSE,United Kingdom
Jardine Matheson Holdings Ltd.,JARB.L,LSE,United Kingdom
JD Sports Fashion PLC,JD.L,LSE,United Kingdom
Judges Scientific PLC,JDG.L,LSE,United Kingdom
Wetherspoon (J D) PLC,JDW.L,LSE,United Kingdom
Jersey Electricity PLC,JEL.L,LSE,United Kingdom
JKX Oil & Gas PLC,JKX.L,LSE,United Kingdom
Jardine Lloyd Thompson Gr,JLT.L,LSE,United Kingdom
Johnson Matthey PLC,JMAT.L,LSE,United Kingdom
JPMorgan Chase & Co,JPM.L,LSE,United Kingdom
Johnston Press PLC,JPR.L,LSE,United Kingdom
Jupiter Fund Management PLC,JUP.L,LSE,United Kingdom
Kazakhmys PLC,KAZ.L,LSE,United Kingdom
KCOM Group PLC,KCOM.L,LSE,United Kingdom
Kentz Corporation Ltd,KENZ.L,LSE,United Kingdom
Darty PLC,KESA.L,LSE,United Kingdom
Kofax PLC,KFX.L,LSE,United Kingdom
Kingfisher PLC,KGF.L,LSE,United Kingdom
Kingspan Group PLC,KGP.L,LSE,United Kingdom
Kier Group PLC,KIE.L,LSE,United Kingdom
Keller Group PLC,KLR.L,LSE,United Kingdom
Kenmare Resources PLC,KMR.L,LSE,United Kingdom
Konami Corporation,KNM.L,LSE,United Kingdom
KSK Power Ventur PLC,KSK.L,LSE,United Kingdom
Kerry Group PLC,KYGA.L,LSE,United Kingdom
Ladbrokes PLC,LAD.L,LSE,United Kingdom
Lamprell PLC,LAM.L,LSE,United Kingdom
Land Securities Group PLC,LAND.L,LSE,United Kingdom
London & Associated Props,LAS.L,LSE,United Kingdom
London Fin & Inv Group,LFI.L,LSE,United Kingdom
Legal & General Group PLC,LGEN.L,LSE,United Kingdom
Liontrust Asset Management PLC,LIO.L,LSE,United Kingdom
Lloyds Banking Group PLC,LLD5.L,LSE,United Kingdom
Lloyds Banking Group PLC,LLOY.L,LSE,United Kingdom
Lonmin PLC,LMI.L,LSE,United Kingdom
LMS Capital PLC,LMS.L,LSE,United Kingdom
Lonrho PLC,LONR.L,LSE,United Kingdom
Lookers PLC,LOOK.L,LSE,United Kingdom
Laird PLC,LRD.L,LSE,United Kingdom
Lancashire Holdings Ltd,LRE.L,LSE,United Kingdom
LSE Group,LSE.L,LSE,United Kingdom
LSL Property Services PLC,LSL.L,LSE,United Kingdom
London and St Lawrence,LSLI.L,LSE,United Kingdom
Local Shopping REIT (The) PLC,LSR.L,LSE,United Kingdom
Latchways PLC,LTC.L,LSE,United Kingdom
Lupus Capital PLC,LUP.L,LSE,United Kingdom
Lavendon Group PLC,LVD.L,LSE,United Kingdom
Low & Bonar PLC,LWB.L,LSE,United Kingdom
Law Debenture Corporation,LWDB.L,LSE,United Kingdom
Mitchells & Butlers PLC,MAB.L,LSE,United Kingdom
Macfarlane Group PLC,MACF.L,LSE,United Kingdom
Mallett PLC,MAE.L,LSE,United Kingdom
Marston's PLC,MARS.L,LSE,United Kingdom
McBride PLC,MCB.L,LSE,United Kingdom
Microgen PLC,MCGN.L,LSE,United Kingdom
McKay Securities PLC,MCKS.L,LSE,United Kingdom
Micro Focus International PLC,MCRO.L,LSE,United Kingdom
Mecom Group PLC,MEC.L,LSE,United Kingdom
Mears Group PLC,MER.L,LSE,United Kingdom
Metric Property Investment PLC,METP.L,LSE,United Kingdom
Morgan Crucible Company,MGCR.L,LSE,United Kingdom
Meggitt PLC,MGGT.L,LSE,United Kingdom
Morgan Sindall Group PLC,MGNS.L,LSE,United Kingdom
Mucklow (A & J) Group PLC,MKLW.L,LSE,United Kingdom
Marks & Spencer Group PLC,MKS.L,LSE,United Kingdom
Millennium & Copthorne,MLC.L,LSE,United Kingdom
Molins PLC,MLIN.L,LSE,United Kingdom
Management Consulting,MMC.L,LSE,United Kingdom
Medusa Mining Ltd,MML.L,LSE,United Kingdom
Mondi PLC,MNDI.L,LSE,United Kingdom
Menzies (John) PLC,MNZS.L,LSE,United Kingdom
Molex, Inc.,MOLA.L,LSE,United Kingdom
Moneysupermarket.com Group PLC,MONY.L,LSE,United Kingdom
Moss Bros Group PLC,MOSB.L,LSE,United Kingdom
Michael Page International PLC,MPI.L,LSE,United Kingdom
Melrose PLC,MRO.L,LSE,United Kingdom
Melrose Resources PLC,MRS.L,,United Kingdom
Morrison (Wm) Supermarkets PLC,MRW.L,LSE,United Kingdom
MS International PLC,MSI.L,LSE,United Kingdom
Marshalls PLC,MSLH.L,LSE,United Kingdom
Mothercare PLC,MTC.L,LSE,United Kingdom
MITIE Group PLC,MTO.L,LSE,United Kingdom
Mountview Estates PLC,MTVW.L,LSE,United Kingdom
MBL Group PLC,MUBL.L,LSE,United Kingdom
MWB Group Holdings PLC,MWB.L,LSE,United Kingdom
Northamber PLC,NAR.L,LSE,United Kingdom
Narborough Plantations PLC,NBP.L,LSE,United Kingdom
New Britain Palm Oil Ltd,NBPO.L,LSE,United Kingdom
NCC Group PLC,NCC.L,LSE,United Kingdom
National Express Group PLC,NEX.L,LSE,United Kingdom
National Grid PLC,NG.L,LSE,United Kingdom
Norseman Gold PLC,NGL.L,LSE,United Kingdom
OJSC Novolipetsk Steel,NLMA.L,LSE,United Kingdom
North Midland Construction PLC,NMD.L,LSE,United Kingdom
Northgate PLC,NTG.L,LSE,United Kingdom
Novae Group PLC,NVA.L,LSE,United Kingdom
NWF Group PLC,NWF.L,LSE,United Kingdom
Smiths News PLC,NWS.L,LSE,United Kingdom
Norcros PLC,NXR.L,LSE,United Kingdom
Next PLC,NXT.L,LSE,United Kingdom
Ocado Group PLC,OCDO.L,LSE,United Kingdom
Ocean Wilsons Holdings Ltd,OCN.L,LSE,United Kingdom
office2office PLC,OFF.L,LSE,United Kingdom
Old Mutual PLC,OML.L,LSE,United Kingdom
Optos PLC,OPTS.L,LSE,United Kingdom
Oxford BioMedica PLC,OXB.L,LSE,United Kingdom
Oxford Instruments PLC,OXIG.L,LSE,United Kingdom
Pan African Resources PLC,PAF.L,LSE,United Kingdom
Paragon Group of Cos,PAG.L,LSE,United Kingdom
Paddy Power PLC,PAP.L,LSE,United Kingdom
PayPoint PLC,PAY.L,LSE,United Kingdom
Pochin's PLC,PCH.L,LSE,United Kingdom
Pendragon PLC,PDG.L,LSE,United Kingdom
Petrofac Ltd,PFC.L,LSE,United Kingdom
Premier Foods PLC,PFD.L,LSE,United Kingdom
Provident Financial PLC,PFG.L,LSE,United Kingdom
Premier Farnell PLC,PFL.L,LSE,United Kingdom
Pfizer Inc,PFZ.L,LSE,United Kingdom
Phoenix Group Holdings,PHNX.L,LSE,United Kingdom
Primary Health Properties PLC,PHP.L,LSE,United Kingdom
Photo-Me International PLC,PHTM.L,LSE,United Kingdom
Pace PLC,PIC.L,LSE,United Kingdom
Plaza Centers NV,PLAZ.L,LSE,United Kingdom
Premier Oil PLC,PMO.L,LSE,United Kingdom
Pennon Group PLC,PNN.L,LSE,United Kingdom
Panther Securities PLC,PNS.L,LSE,United Kingdom
Phoenix IT Group PLC,PNX.L,LSE,United Kingdom
Petropavlovsk PLC,POG.L,LSE,United Kingdom
Psion PLC,PON.L,LSE,United Kingdom
PPHE Hotel Group Ltd,PPH.L,LSE,United Kingdom
Prudential PLC,PRU.L,LSE,United Kingdom
Porvair PLC,PRV.L,LSE,United Kingdom
Promethean World PLC,PRW.L,LSE,United Kingdom
Persimmon PLC,PSN.L,LSE,United Kingdom
Pearson PLC,PSON.L,LSE,United Kingdom
Playtech Ltd.,PTEC.L,LSE,United Kingdom
Parity Group PLC,PTY.L,LSE,United Kingdom
Punch Taverns PLC,PUB.L,LSE,United Kingdom
PuriCore PLC,PURI.L,LSE,United Kingdom
PV Crystalox Solar PLC,PVCS.L,LSE,United Kingdom
Phytopharm PLC,PYM.L,LSE,United Kingdom
PZ Cussons PLC,PZC.L,LSE,United Kingdom
Quintain Estates & Dev,QED.L,LSE,United Kingdom
QinetiQ Group PLC,QQ.L,LSE,United Kingdom
Quarto Group (The) Inc,QRT.L,LSE,United Kingdom
Rathbone Brothers PLC,RAT.L,LSE,United Kingdom
Reckitt Benckiser Group PLC,RB.L,LSE,United Kingdom
Royal Bank of Scotland,RBS.L,LSE,United Kingdom
Ricardo PLC,RCDO.L,LSE,United Kingdom
RIT Capital Partners PLC,RCP.L,LSE,United Kingdom
Royal Dutch Shell PLC,RDSA.L,LSE,United Kingdom
Royal Dutch Shell PLC,RDSB.L,LSE,United Kingdom
Redrow PLC,RDW.L,LSE,United Kingdom
R.E.A. Holdings PLC,RE.L,LSE,United Kingdom
Record PLC,REC.L,LSE,United Kingdom
Reed Elsevier PLC,REL.L,LSE,United Kingdom
REXAM PLC,REX.L,LSE,United Kingdom
Ross Group PLC,RGP.L,LSE,United Kingdom
Regus PLC,RGU.L,LSE,United Kingdom
Ricoh, Ltd.,RICO.L,LSE,United Kingdom
Rio Tinto PLC,RIO.L,LSE,United Kingdom
Ruukki Group PLC,RKKI.L,LSE,United Kingdom
RM PLC,RM.L,LSE,United Kingdom
Rightmove PLC,RMV.L,LSE,United Kingdom
Rank Group (The) PLC,RNK.L,LSE,United Kingdom
Renold PLC,RNO.L,LSE,United Kingdom
Rotork PLC,ROR.L,LSE,United Kingdom
RPC Group PLC,RPC.L,LSE,United Kingdom
RPS Group PLC,RPS.L,LSE,United Kingdom
Rolls-Royce Group PLC,RR.L,LSE,United Kingdom
Randgold Resources Ltd,RRS.L,LSE,United Kingdom
RSA Insurance Group PLC,RSA.L,LSE,United Kingdom
Resolution Ltd,RSL.L,LSE,United Kingdom
Renishaw PLC,RSW.L,LSE,United Kingdom
Restaurant Group (The) PLC,RTN.L,LSE,United Kingdom
Rentokil Initial PLC,RTO.L,LSE,United Kingdom
Raven Russia Ltd,RUS.L,LSE,United Kingdom
Robert Walters PLC,RWA.L,LSE,United Kingdom
Ryanair Holdings PLC,RYA.L,LSE,United Kingdom
SABMiller PLC,SAB.L,LSE,United Kingdom
Safestore Holdings PLC,SAFE.L,LSE,United Kingdom
Sainsbury (J) PLC,SBRY.L,LSE,United Kingdom
Source BioScience PLC,SBS.L,LSE,United Kingdom
Sportingbet PLC,SBT.L,LSE,United Kingdom
Scottish Investment Trust,SCIN.L,LSE,United Kingdom
SDL PLC,SDL.L,LSE,United Kingdom
Schroders PLC,SDR.L,LSE,United Kingdom
Schroders PLC,SDRC.L,LSE,United Kingdom
Speedy Hire PLC,SDY.L,LSE,United Kingdom
Sepura PLC,SEPU.L,LSE,United Kingdom
Sagicor Financial Corporation,SFI.L,LSE,United Kingdom
Severfield-Rowen PLC,SFR.L,LSE,United Kingdom
Stagecoach Group PLC,SGC.L,LSE,United Kingdom
Sage Group (The) PLC,SGE.L,LSE,United Kingdom
SuperGroup PLC,SGP.L,LSE,United Kingdom
Segro PLC,SGRO.L,LSE,United Kingdom
Shaftesbury PLC,SHB.L,LSE,United Kingdom
SIG PLC,SHI.L,LSE,United Kingdom
Shire PLC,SHP.L,LSE,United Kingdom
SOCO International PLC,SIA.L,LSE,United Kingdom
Siemens AG,SIE.L,LSE,United Kingdom
Signet Group Ltd,SIG.L,LSE,United Kingdom
Symphony Intl Holdings,SIHL.L,LSE,United Kingdom
St Ives PLC,SIV.L,LSE,United Kingdom
Smurfit Kappa Group PLC,SKG.L,LSE,United Kingdom
SK Telecom Co., Ltd.,SKMD.L,LSE,United Kingdom
SkyePharma PLC,SKP.L,LSE,United Kingdom
Shanks Group PLC,SKS.L,LSE,United Kingdom
Standard Life PLC,SL.L,LSE,United Kingdom
Salamander Energy PLC,SMDR.L,LSE,United Kingdom
Smith (DS) PLC,SMDS.L,LSE,United Kingdom
Smiths Group PLC,SMIN.L,LSE,United Kingdom
Smart (J) & Co,SMJ.L,LSE,United Kingdom
St Modwen Properties PLC,SMP.L,LSE,United Kingdom
WH Smith PLC,SMWH.L,LSE,United Kingdom
Smith & Nephew PLC,SN.L,LSE,United Kingdom
Senior PLC,SNR.L,LSE,United Kingdom
Sports Direct Intl,SPD.L,LSE,United Kingdom
Superglass Holdings PLC,SPGH.L,LSE,United Kingdom
Sportech PLC,SPO.L,LSE,United Kingdom
Sperati (C.A.),SPR.L,LSE,United Kingdom
Spirent Communications PLC,SPT.L,LSE,United Kingdom
Spirax-Sarco Engineering PLC,SPX.L,LSE,United Kingdom
Serco Group PLC,SRP.L,LSE,United Kingdom
SSE PLC,SSE.L,LSE,United Kingdom
Standard Chartered PLC,STAN.L,LSE,United Kingdom
Stewart & Wight PLC,STE.L,LSE,United Kingdom
SThree PLC,STHR.L,LSE,United Kingdom
St James's Place PLC,STJ.L,LSE,United Kingdom
Stobart Group Ltd,STOB.L,LSE,United Kingdom
stv Group PLC,STVG.L,LSE,United Kingdom
Styles & Wood Group PLC,STY.L,LSE,United Kingdom
Stavert Zigomala PLC,STZ.L,LSE,United Kingdom
S & U PLC,SUS.L,LSE,United Kingdom
SVG Capital PLC,SVI.L,LSE,United Kingdom
Savills PLC,SVS.L,LSE,United Kingdom
Severn Trent PLC,SVT.L,LSE,United Kingdom
Spectris PLC,SXS.L,LSE,United Kingdom
Synergy Health PLC,SYR.L,LSE,United Kingdom
TalkTalk Telecom Group PLC,TALK.L,LSE,United Kingdom
Talvivaara Mining Company PLC,TALV.L,LSE,United Kingdom
Tate & Lyle PLC,TATE.L,LSE,United Kingdom
Thomas Cook Group PLC,TCG.L,LSE,United Kingdom
Town Centre Securities PLC,TCSC.L,LSE,United Kingdom
Telecity Group PLC,TCY.L,LSE,United Kingdom
Telefonica SA,TDE.L,LSE,United Kingdom
Telecom plus PLC,TEP.L,LSE,United Kingdom
Treatt PLC,TET.L,LSE,United Kingdom
Thorpe (F W) PLC,TFW.L,LSE,United Kingdom
Thorntons PLC,THT.L,LSE,United Kingdom
Innovation Group (The) PLC,TIG.L,LSE,United Kingdom
Tullett Prebon PLC,TLPR.L,LSE,United Kingdom
Tullow Oil PLC,TLW.L,LSE,United Kingdom
Trinity Mirror PLC,TNI.L,LSE,United Kingdom
RSM Tenon Group PLC,TNO.L,LSE,United Kingdom
Titon Holdings PLC,TON.L,LSE,United Kingdom
Travis Perkins PLC,TPK.L,LSE,United Kingdom
Topps Tiles PLC,TPT.L,LSE,United Kingdom
Tribal Group PLC,TRB.L,LSE,United Kingdom
Triad Group PLC,TRD.L,LSE,United Kingdom
Trifast PLC,TRI.L,LSE,United Kingdom
Torotrak PLC,TRK.L,LSE,United Kingdom
Tarsus Group PLC,TRS.L,LSE,United Kingdom
Tesco PLC,TSCO.L,LSE,United Kingdom
TUI Travel PLC,TT.L,LSE,United Kingdom
Total SA,TTA.L,LSE,United Kingdom
TT electronics PLC,TTG.L,LSE,United Kingdom
Taylor Wimpey PLC,TW.L,LSE,United Kingdom
Tex Holdings PLC,TXH.L,LSE,United Kingdom
UBM PLC,UBM.L,LSE,United Kingdom
United Drug PLC,UDG.L,LSE,United Kingdom
UK Coal PLC,UKC.L,LSE,United Kingdom
UK Mail Group PLC,UKM.L,LSE,United Kingdom
UK Select Trust Ltd,UKT.L,LSE,United Kingdom
Ultra Electronics Holdings PLC,ULE.L,LSE,United Kingdom
Unilever PLC,ULVR.L,LSE,United Kingdom
UNITE Group PLC,UTG.L,LSE,United Kingdom
UTV Media PLC,UTV.L,LSE,United Kingdom
United Utilities Group PLC,UU.L,LSE,United Kingdom
Victoria PLC,VCP.L,LSE,United Kingdom
Victrex PLC,VCT.L,LSE,United Kingdom
Vectura Group PLC,VEC.L,LSE,United Kingdom
Vedanta Resources PLC,VED.L,LSE,United Kingdom
Volkswagen AG,VKW.L,LSE,United Kingdom
Vislink PLC,VLK.L,LSE,United Kingdom
Volex PLC,VLX.L,LSE,United Kingdom
Virgin Media Inc,VMED.L,LSE,United Kingdom
Vodafone Group PLC,VOD.L,LSE,United Kingdom
Vp PLC,VP.L,LSE,United Kingdom
Vitec Group (The) PLC,VTC.L,LSE,United Kingdom
Walker Crips Group PLC,WCW.L,LSE,United Kingdom
Weir Group PLC,WEIR.L,LSE,United Kingdom
Wood Group (John) PLC,WG.L,LSE,United Kingdom
Wilmington Group PLC,WIL.L,LSE,United Kingdom
Wincanton PLC,WIN.L,LSE,United Kingdom
Workspace Group PLC,WKP.L,LSE,United Kingdom
Wolfson Microelectronics PLC,WLF.L,LSE,United Kingdom
William Hill PLC,WMH.L,LSE,United Kingdom
Warner Estate Holdings PLC,WNER.L,LSE,United Kingdom
Wolseley PLC,WOS.L,LSE,United Kingdom
WPP PLC,WPP.L,LSE,United Kingdom
Worthington Group PLC,WRN.L,LSE,United Kingdom
Worldsec Ltd,WSL.L,LSE,United Kingdom
Wynnstay Properties PLC,WSP.L,LSE,United Kingdom
Whitbread PLC,WTB.L,LSE,United Kingdom
Waterman Group PLC,WTM.L,LSE,United Kingdom
Xaar PLC,XAR.L,LSE,United Kingdom
Xchanging PLC,XCH.L,LSE,United Kingdom
XP Power Ltd,XPP.L,LSE,United Kingdom
Xstrata PLC,XTA.L,LSE,United Kingdom
Yamana Gold Inc,YAU.L,LSE,United Kingdom
hibu PLC,YELL.L,LSE,United Kingdom
Yule Catto & Co PLC,YULC.L,LSE,United Kingdom
Zotefoams PLC,ZTF.L,LSE,United Kingdom
